Toyota Camry, 2007;2.4 л (167 л.с.), бензин, ј ѕѕ, передний, 280 тыс. км;850†000†?
Toyota Camry, 2008;2.4 л (167 л.с.), бензин, ј ѕѕ, передний, 230 тыс. км;950†000†?
Toyota Camry, 2006;2.4 л (167 л.с.), бензин, ј ѕѕ, передний, 220 тыс. км;900†000†?
Toyota Camry, 2007;2.4 л (167 л.с.), бензин, ј ѕѕ, передний, 220 тыс. км;899†999†?
Toyota Camry, 2008;2.4 л (167 л.с.), бензин, ј ѕѕ, передний, 220 тыс. км;1†010†000†?
Toyota Camry, 2006;2.4 л (167 л.с.), бензин, ј ѕѕ, передний, 223 тыс. км;580†000†?
Toyota Camry, 2006;2.4 л (167 л.с.), бензин, ј ѕѕ, передний, 260 тыс. км;703†000†?
Toyota Camry, 2007;2.4 л (167 л.с.), бензин, ј ѕѕ, передний, 300 тыс. км;810†000†?
Toyota Camry, 2007;3.5 л (277 л.с.), бензин, ј ѕѕ, передний, 245 тыс. км;800†000†?
Toyota Camry, 2006;2.4 л (167 л.с.), бензин, ј ѕѕ, передний, 160 тыс. км;650†000†?
Toyota Camry, 2007;2.4 л (167 л.с.), бензин, ј ѕѕ, передний, 217 тыс. км;850†000†?
Toyota Camry, 2006;3.5 л (277 л.с.), бензин, ј ѕѕ, передний, 250 тыс. км;799†999†?
Toyota Camry, 2008;2.4 л (167 л.с.), бензин, ј ѕѕ, передний, 323 тыс. км;845†000†?
Toyota Camry, 2008;2.4 л (167 л.с.), бензин, ј ѕѕ, передний, 250 тыс. км;1†100†000†?
Toyota Camry, 2006;3.5 л (277 л.с.), бензин, ј ѕѕ, передний, 260 тыс. км;740†000†?
Toyota Camry, 2006;2.4 л (167 л.с.), бензин, ј ѕѕ, передний, 213 тыс. км;1†050†000†?
Toyota Camry, 2006;2.4 л (167 л.с.), бензин, ј ѕѕ, передний, 298 тыс. км;950†000†?
Toyota Camry, 2007;2.4 л (167 л.с.), бензин, ј ѕѕ, передний, 260 тыс. км;785†000†?
Toyota Camry, 2007;2.4 л (167 л.с.), бензин, ј ѕѕ, передний, 230 тыс. км;760†000†?
Toyota Camry, 2008;3.5 л (277 л.с.), бензин, ј ѕѕ, передний, 257 тыс. км;800†000†?
